role,employees,exits,person_years,annual_attrition_pct,share_exited_pct,ci_low_pct,ci_high_pct
Account Manager,173,93,309.1,30.1,53.8,24.3,36.9
Accountant,71,19,167.0,11.4,26.8,6.8,17.8
Business Development Rep,174,85,306.9,27.7,48.9,22.1,34.2
Content Specialist,74,22,164.8,13.3,29.7,8.4,20.2
Data Engineer,183,62,354.3,17.5,33.9,13.4,22.4
DevOps Engineer,181,60,377.8,15.9,33.1,12.1,20.4
Digital Marketer,70,23,156.7,14.7,32.9,9.3,22.0
Financial Analyst,72,23,152.8,15.1,31.9,9.5,22.6
HR Business Partner,46,10,104.5,9.6,21.7,4.6,17.6
HR Generalist,57,25,110.6,22.6,43.9,14.6,33.4
Logistics Coordinator,94,34,196.4,17.3,36.2,12.0,24.2
Marketing Executive,68,29,127.3,22.8,42.6,15.3,32.7
Operations Analyst,98,38,176.6,21.5,38.8,15.2,29.5
Payroll Specialist,62,17,146.3,11.6,27.4,6.8,18.6
Process Specialist,89,24,174.7,13.7,27.0,8.8,20.4
Product Analyst,39,12,72.6,16.5,30.8,8.5,28.9
Product Manager,20,8,29.2,27.4,40.0,11.8,54.0
QA Engineer,178,76,352.4,21.6,42.7,17.0,27.0
Recruiter,34,15,79.0,19.0,44.1,10.6,31.3
Sales Executive,177,80,332.8,24.0,45.2,19.1,29.9
Software Engineer,199,69,412.8,16.7,34.7,13.0,21.2
Support Agent,143,74,285.0,26.0,51.7,20.4,32.6
Support Specialist,149,67,288.7,23.2,45.0,18.0,29.5
Team Lead - Support,121,60,246.8,24.3,49.6,18.6,31.3
UX Designer,28,10,59.5,16.8,35.7,8.1,30.9
