month,headcount_start,headcount_end,hires,exits,monthly_attrition_pct,annual_attrition_pct_t12m
2023-01-01,1123,1141,35,17,1.5,
2023-02-01,1141,1157,34,18,1.57,
2023-03-01,1157,1164,26,19,1.64,
2023-04-01,1164,1176,27,15,1.28,
2023-05-01,1176,1189,30,17,1.44,
2023-06-01,1189,1210,40,19,1.58,
2023-07-01,1210,1215,30,25,2.06,
2023-08-01,1215,1244,51,22,1.79,
2023-09-01,1244,1261,32,15,1.2,
2023-10-01,1261,1271,28,18,1.42,
2023-11-01,1271,1287,34,18,1.41,
2023-12-01,1287,1295,36,28,2.17,19.1
2024-01-01,1295,1306,32,21,1.61,19.2
2024-02-01,1306,1308,30,28,2.14,19.8
2024-03-01,1308,1323,39,24,1.82,20.0
2024-04-01,1323,1332,28,19,1.43,20.1
2024-05-01,1332,1337,27,22,1.65,20.3
2024-06-01,1337,1360,39,16,1.19,19.9
2024-07-01,1360,1377,43,26,1.9,19.7
2024-08-01,1377,1399,36,14,1.01,18.9
2024-09-01,1399,1393,25,31,2.22,20.0
2024-10-01,1393,1400,32,25,1.79,20.3
2024-11-01,1400,1409,32,23,1.64,20.5
2024-12-01,1409,1420,30,19,1.34,19.7
2025-01-01,1420,1422,37,35,2.46,20.6
2025-02-01,1422,1428,27,21,1.47,20.0
2025-03-01,1428,1432,27,23,1.61,19.7
2025-04-01,1432,1426,22,28,1.96,20.3
2025-05-01,1426,1433,37,30,2.1,20.7
2025-06-01,1433,1441,32,24,1.67,21.2
2025-07-01,1441,1451,36,26,1.8,21.1
2025-08-01,1451,1475,41,17,1.16,21.2
2025-09-01,1475,1488,30,17,1.15,20.1
2025-10-01,1488,1497,34,25,1.68,20.0
2025-11-01,1497,1512,37,22,1.46,19.8
2025-12-01,1512,1511,30,31,2.05,20.5
2026-01-01,1511,1525,35,21,1.38,19.5
2026-02-01,1525,1528,25,22,1.44,19.4
2026-03-01,1528,1542,39,25,1.63,19.4
2026-04-01,1542,1562,44,24,1.55,19.0
2026-05-01,1562,1569,36,29,1.85,18.8
2026-06-01,1569,1574,35,30,1.91,19.1
2026-07-01,1574,1584,46,36,2.28,19.6
2026-08-01,1584,1587,31,28,1.77,20.2
2026-09-01,1587,1565,0,22,1.4,20.4
